{
  "disease_key": "heart",
  "feature_names": [
    "age",
    "sex",
    "cp",
    "trestbps",
    "chol",
    "fbs",
    "restecg",
    "thalach",
    "exang",
    "oldpeak",
    "slope",
    "ca",
    "thal"
  ],
  "best_k": 2,
  "silhouette_scores": {
    "2": 0.16823269494218376,
    "3": 0.11385106870356003,
    "4": 0.1193494152307462,
    "5": 0.11746865400597277
  },
  "anomaly_threshold": 1.277395709415353,
  "rf_best_params": {
    "max_depth": null,
    "min_samples_split": 2,
    "n_estimators": 200
  },
  "results_table": [
    {
      "Model": "Logistic Regression",
      "Accuracy": 0.803,
      "Precision": 0.769,
      "Recall": 0.909,
      "F1-score": 0.833
    },
    {
      "Model": "Random Forest (tuned)",
      "Accuracy": 0.82,
      "Precision": 0.762,
      "Recall": 0.97,
      "F1-score": 0.853
    },
    {
      "Model": "Neural Network",
      "Accuracy": 0.77,
      "Precision": 0.721,
      "Recall": 0.939,
      "F1-score": 0.816
    },
    {
      "Model": "Ensemble",
      "Accuracy": 0.803,
      "Precision": 0.769,
      "Recall": 0.909,
      "F1-score": 0.833
    }
  ],
  "cv_scores": {
    "Logistic Regression": [
      0.819672131147541,
      0.8852459016393442,
      0.8360655737704918,
      0.8666666666666667,
      0.7666666666666667
    ],
    "Random Forest (tuned)": [
      0.8360655737704918,
      0.9016393442622951,
      0.819672131147541,
      0.8166666666666667,
      0.7833333333333333
    ]
  },
  "roc_data": {
    "Logistic Regression": {
      "fpr": [
        0.0,
        0.0,
        0.0,
        0.03571428571428571,
        0.03571428571428571,
        0.07142857142857142,
        0.07142857142857142,
        0.10714285714285714,
        0.10714285714285714,
        0.14285714285714285,
        0.14285714285714285,
        0.2857142857142857,
        0.2857142857142857,
        0.32142857142857145,
        0.32142857142857145,
        0.35714285714285715,
        0.35714285714285715,
        0.6785714285714286,
        0.6785714285714286,
        1.0
      ],
      "tpr": [
        0.0,
        0.030303030303030304,
        0.2727272727272727,
        0.2727272727272727,
        0.3333333333333333,
        0.3333333333333333,
        0.6363636363636364,
        0.6363636363636364,
        0.696969696969697,
        0.696969696969697,
        0.7272727272727273,
        0.7272727272727273,
        0.8484848484848485,
        0.8484848484848485,
        0.9090909090909091,
        0.9090909090909091,
        0.9696969696969697,
        0.9696969696969697,
        1.0,
        1.0
      ],
      "auc": 0.869
    },
    "Random Forest (tuned)": {
      "fpr": [
        0.0,
        0.0,
        0.0,
        0.03571428571428571,
        0.03571428571428571,
        0.03571428571428571,
        0.03571428571428571,
        0.07142857142857142,
        0.10714285714285714,
        0.10714285714285714,
        0.17857142857142858,
        0.17857142857142858,
        0.21428571428571427,
        0.21428571428571427,
        0.2857142857142857,
        0.2857142857142857,
        0.32142857142857145,
        0.32142857142857145,
        0.35714285714285715,
        0.35714285714285715,
        1.0
      ],
      "tpr": [
        0.0,
        0.06060606060606061,
        0.3939393939393939,
        0.3939393939393939,
        0.48484848484848486,
        0.5454545454545454,
        0.6060606060606061,
        0.6363636363636364,
        0.6363636363636364,
        0.7272727272727273,
        0.7272727272727273,
        0.8181818181818182,
        0.8181818181818182,
        0.8484848484848485,
        0.8484848484848485,
        0.9393939393939394,
        0.9393939393939394,
        0.9696969696969697,
        0.9696969696969697,
        1.0,
        1.0
      ],
      "auc": 0.912
    },
    "Neural Network": {
      "fpr": [
        0.0,
        0.0,
        0.0,
        0.03571428571428571,
        0.03571428571428571,
        0.07142857142857142,
        0.07142857142857142,
        0.10714285714285714,
        0.10714285714285714,
        0.17857142857142858,
        0.17857142857142858,
        0.21428571428571427,
        0.21428571428571427,
        0.2857142857142857,
        0.2857142857142857,
        0.42857142857142855,
        0.42857142857142855,
        0.4642857142857143,
        0.4642857142857143,
        0.5,
        0.5,
        1.0
      ],
      "tpr": [
        0.0,
        0.030303030303030304,
        0.24242424242424243,
        0.24242424242424243,
        0.5757575757575758,
        0.5757575757575758,
        0.6363636363636364,
        0.6363636363636364,
        0.696969696969697,
        0.696969696969697,
        0.7575757575757576,
        0.7575757575757576,
        0.8484848484848485,
        0.8484848484848485,
        0.9090909090909091,
        0.9090909090909091,
        0.9393939393939394,
        0.9393939393939394,
        0.9696969696969697,
        0.9696969696969697,
        1.0,
        1.0
      ],
      "auc": 0.887
    },
    "Ensemble": {
      "fpr": [
        0.0,
        0.0,
        0.0,
        0.03571428571428571,
        0.03571428571428571,
        0.07142857142857142,
        0.07142857142857142,
        0.10714285714285714,
        0.10714285714285714,
        0.14285714285714285,
        0.14285714285714285,
        0.17857142857142858,
        0.17857142857142858,
        0.2857142857142857,
        0.2857142857142857,
        0.32142857142857145,
        0.32142857142857145,
        0.35714285714285715,
        0.35714285714285715,
        0.42857142857142855,
        0.42857142857142855,
        1.0
      ],
      "tpr": [
        0.0,
        0.030303030303030304,
        0.3333333333333333,
        0.3333333333333333,
        0.5757575757575758,
        0.5757575757575758,
        0.6666666666666666,
        0.6666666666666666,
        0.696969696969697,
        0.696969696969697,
        0.7272727272727273,
        0.7272727272727273,
        0.7878787878787878,
        0.7878787878787878,
        0.8787878787878788,
        0.8787878787878788,
        0.9393939393939394,
        0.9393939393939394,
        0.9696969696969697,
        0.9696969696969697,
        1.0,
        1.0
      ],
      "auc": 0.897
    }
  }
}