{
  "disease_key": "diabetes",
  "feature_names": [
    "Pregnancies",
    "Glucose",
    "BloodPressure",
    "SkinThickness",
    "Insulin",
    "BMI",
    "DiabetesPedigreeFunction",
    "Age"
  ],
  "best_k": 3,
  "silhouette_scores": {
    "2": 0.1963032802969158,
    "3": 0.20016463151452368,
    "4": 0.18670789592758483,
    "5": 0.1743931283336785
  },
  "anomaly_threshold": 0.7662788865941423,
  "rf_best_params": {
    "max_depth": 10,
    "min_samples_split": 5,
    "n_estimators": 100
  },
  "results_table": [
    {
      "Model": "Logistic Regression",
      "Accuracy": 0.708,
      "Precision": 0.6,
      "Recall": 0.5,
      "F1-score": 0.545
    },
    {
      "Model": "Random Forest (tuned)",
      "Accuracy": 0.747,
      "Precision": 0.653,
      "Recall": 0.593,
      "F1-score": 0.621
    },
    {
      "Model": "Neural Network",
      "Accuracy": 0.714,
      "Precision": 0.604,
      "Recall": 0.537,
      "F1-score": 0.569
    },
    {
      "Model": "Ensemble",
      "Accuracy": 0.708,
      "Precision": 0.596,
      "Recall": 0.519,
      "F1-score": 0.554
    }
  ],
  "cv_scores": {
    "Logistic Regression": [
      0.7532467532467533,
      0.7402597402597403,
      0.7662337662337663,
      0.7973856209150327,
      0.7647058823529411
    ],
    "Random Forest (tuned)": [
      0.7402597402597403,
      0.7337662337662337,
      0.7337662337662337,
      0.8496732026143791,
      0.7450980392156863
    ]
  },
  "roc_data": {
    "Logistic Regression": {
      "fpr": [
        0.0,
        0.0,
        0.0,
        0.01,
        0.01,
        0.03,
        0.03,
        0.04,
        0.04,
        0.06,
        0.06,
        0.07,
        0.07,
        0.08,
        0.08,
        0.09,
        0.09,
        0.11,
        0.11,
        0.12,
        0.12,
        0.14,
        0.14,
        0.18,
        0.18,
        0.2,
        0.2,
        0.21,
        0.21,
        0.22,
        0.22,
        0.23,
        0.23,
        0.24,
        0.24,
        0.25,
        0.25,
        0.27,
        0.27,
        0.28,
        0.28,
        0.29,
        0.29,
        0.35,
        0.35,
        0.41,
        0.41,
        0.44,
        0.44,
        0.45,
        0.45,
        0.46,
        0.46,
        0.84,
        0.84,
        1.0
      ],
      "tpr": [
        0.0,
        0.018518518518518517,
        0.07407407407407407,
        0.07407407407407407,
        0.12962962962962962,
        0.12962962962962962,
        0.2037037037037037,
        0.2037037037037037,
        0.2222222222222222,
        0.2222222222222222,
        0.2777777777777778,
        0.2777777777777778,
        0.3333333333333333,
        0.3333333333333333,
        0.4074074074074074,
        0.4074074074074074,
        0.42592592592592593,
        0.42592592592592593,
        0.4444444444444444,
        0.4444444444444444,
        0.46296296296296297,
        0.46296296296296297,
        0.48148148148148145,
        0.48148148148148145,
        0.5185185185185185,
        0.5185185185185185,
        0.5370370370370371,
        0.5370370370370371,
        0.5555555555555556,
        0.5555555555555556,
        0.6296296296296297,
        0.6296296296296297,
        0.6481481481481481,
        0.6481481481481481,
        0.6851851851851852,
        0.6851851851851852,
        0.7037037037037037,
        0.7037037037037037,
        0.7407407407407407,
        0.7407407407407407,
        0.8148148148148148,
        0.8148148148148148,
        0.8333333333333334,
        0.8333333333333334,
        0.8888888888888888,
        0.8888888888888888,
        0.9259259259259259,
        0.9259259259259259,
        0.9444444444444444,
        0.9444444444444444,
        0.9629629629629629,
        0.9629629629629629,
        0.9814814814814815,
        0.9814814814814815,
        1.0,
        1.0
      ],
      "auc": 0.815
    },
    "Random Forest (tuned)": {
      "fpr": [
        0.0,
        0.0,
        0.0,
        0.01,
        0.01,
        0.02,
        0.02,
        0.03,
        0.03,
        0.04,
        0.04,
        0.07,
        0.07,
        0.09,
        0.09,
        0.1,
        0.1,
        0.11,
        0.11,
        0.15,
        0.15,
        0.16,
        0.16,
        0.17,
        0.17,
        0.18,
        0.18,
        0.2,
        0.2,
        0.24,
        0.24,
        0.27,
        0.27,
        0.28,
        0.28,
        0.29,
        0.29,
        0.3,
        0.3,
        0.31,
        0.31,
        0.36,
        0.36,
        0.38,
        0.38,
        0.41,
        0.41,
        0.47,
        0.47,
        0.55,
        0.55,
        0.59,
        0.59,
        0.66,
        0.66,
        0.69,
        0.69,
        0.75,
        0.75,
        1.0
      ],
      "tpr": [
        0.0,
        0.018518518518518517,
        0.12962962962962962,
        0.12962962962962962,
        0.16666666666666666,
        0.16666666666666666,
        0.18518518518518517,
        0.18518518518518517,
        0.24074074074074073,
        0.24074074074074073,
        0.25925925925925924,
        0.25925925925925924,
        0.3888888888888889,
        0.3888888888888889,
        0.5,
        0.5,
        0.5185185185185185,
        0.5185185185185185,
        0.5370370370370371,
        0.5370370370370371,
        0.5555555555555556,
        0.5555555555555556,
        0.5740740740740741,
        0.5740740740740741,
        0.6111111111111112,
        0.6111111111111112,
        0.6296296296296297,
        0.6296296296296297,
        0.6666666666666666,
        0.6666666666666666,
        0.7037037037037037,
        0.7037037037037037,
        0.7222222222222222,
        0.7222222222222222,
        0.7777777777777778,
        0.7777777777777778,
        0.7962962962962963,
        0.7962962962962963,
        0.8148148148148148,
        0.8148148148148148,
        0.8333333333333334,
        0.8333333333333334,
        0.8518518518518519,
        0.8518518518518519,
        0.8703703703703703,
        0.8703703703703703,
        0.8888888888888888,
        0.8888888888888888,
        0.9074074074074074,
        0.9074074074074074,
        0.9259259259259259,
        0.9259259259259259,
        0.9444444444444444,
        0.9444444444444444,
        0.9629629629629629,
        0.9629629629629629,
        0.9814814814814815,
        0.9814814814814815,
        1.0,
        1.0
      ],
      "auc": 0.815
    },
    "Neural Network": {
      "fpr": [
        0.0,
        0.0,
        0.0,
        0.01,
        0.01,
        0.02,
        0.02,
        0.03,
        0.03,
        0.04,
        0.04,
        0.05,
        0.05,
        0.08,
        0.08,
        0.09,
        0.09,
        0.1,
        0.1,
        0.11,
        0.11,
        0.17,
        0.17,
        0.18,
        0.18,
        0.19,
        0.19,
        0.21,
        0.21,
        0.23,
        0.23,
        0.25,
        0.25,
        0.26,
        0.26,
        0.29,
        0.29,
        0.3,
        0.3,
        0.41,
        0.41,
        0.51,
        0.51,
        0.55,
        0.55,
        0.59,
        0.59,
        0.82,
        0.82,
        1.0
      ],